id,title,upload_date,air_date,era,type,series,episode,url,thumbnail,members,subtitles,duration_sec,description,status,view_count,like_count
episode-001,BTS WORLD TOUR ‘ARIRANG’ IN TOKYO Sketch,2026-06-23,2026-06-23,,BTS Episode,BTS Episode,,https://www.youtube.com/watch?v=HD9TQigBMxk,https://img.youtube.com/vi/HD9TQigBMxk/hqdefault.jpg,RM|Jin|Suga|J-Hope|Jimin|V|Jungkook,,947,,active,1808194,217057
episode-002,BTS 'American Music Awards 2026' Sketch,2026-06-22,2026-06-22,,BTS Episode,BTS Episode,,https://www.youtube.com/watch?v=lXOyNftE2EM,https://img.youtube.com/vi/lXOyNftE2EM/hqdefault.jpg,RM|Jin|Suga|J-Hope|Jimin|V|Jungkook,,507,,active,2155637,260520
episode-003,"BTS 'Hooligan', '2.0' Dance Practice Sketch",2026-06-18,2026-06-18,,BTS Episode,BTS Episode,,https://www.youtube.com/watch?v=8AYxDDrG5uQ,https://img.youtube.com/vi/8AYxDDrG5uQ/hqdefault.jpg,RM|Jin|Suga|J-Hope|Jimin|V|Jungkook,,1062,,active,4157766,439533
episode-004,BTS WORLD TOUR ‘ARIRANG’ IN GOYANG Sketch,2026-05-22,2026-05-22,,BTS Episode,BTS Episode,,https://www.youtube.com/watch?v=ZOj-K8-_PIc,https://img.youtube.com/vi/ZOj-K8-_PIc/hqdefault.jpg,RM|Jin|Suga|J-Hope|Jimin|V|Jungkook,,1316,,active,2761934,246492
episode-005,BTS 'ARIRANG' North America Promotions Sketch,2026-05-14,2026-05-14,,BTS Episode,BTS Episode,,https://www.youtube.com/watch?v=9jI2CZ0bMuM,https://img.youtube.com/vi/9jI2CZ0bMuM/hqdefault.jpg,RM|Jin|Suga|J-Hope|Jimin|V|Jungkook,,1193,,active,2708721,271410
episode-006,BTS THE COMEBACK LIVE l ARIRANG Sketch,2026-05-09,2026-05-09,,BTS Episode,BTS Episode,,https://www.youtube.com/watch?v=2K7R68DmAfE,https://img.youtube.com/vi/2K7R68DmAfE/hqdefault.jpg,RM|Jin|Suga|J-Hope|Jimin|V|Jungkook,,976,,active,2547974,281381
episode-007,BTS ’SWIM’ Dance Practice Sketch,2026-04-21,2026-04-21,,BTS Episode,BTS Episode,,https://www.youtube.com/watch?v=WOmHZv4USUs,https://img.youtube.com/vi/WOmHZv4USUs/hqdefault.jpg,RM|Jin|Suga|J-Hope|Jimin|V|Jungkook,,702,,active,3533942,363417
episode-008,[Episode] 진 (Jin) 'RUNSEOKJIN_EP.TOUR' ENCORE - BTS (방탄소년단),2025-12-05,2025-12-05,,BTS Episode,BTS Episode,,https://www.youtube.com/watch?v=0hH9gsprag8,https://img.youtube.com/vi/0hH9gsprag8/hqdefault.jpg,Jin,,2670,,active,1408840,133650
episode-009,[EPISODE] 진 (Jin) ‘RUNSEOKJIN_EP.TOUR’ in U.S. & EUROPE - BTS (방탄소년단),2025-09-27,2025-09-27,,BTS Episode,BTS Episode,,https://www.youtube.com/watch?v=1ZcB3M7tMTQ,https://img.youtube.com/vi/1ZcB3M7tMTQ/hqdefault.jpg,Jin,,1640,,active,811116,86875
episode-010,[EPISODE] Behind the Scenes of V's First Pitch for the LA Dodgers - BTS (방탄소년단),2025-09-10,2025-09-10,,BTS Episode,BTS Episode,,https://www.youtube.com/watch?v=4n7kVJ9-_BY,https://img.youtube.com/vi/4n7kVJ9-_BY/hqdefault.jpg,V,,456,,active,985880,128565
episode-011,[EPISODE] 진 (Jin) ‘RUNSEOKJIN_EP.TOUR’ in JAPAN - BTS (방탄소년단),2025-08-30,2025-08-30,,BTS Episode,BTS Episode,,https://www.youtube.com/watch?v=5q9-MtXKhJM,https://img.youtube.com/vi/5q9-MtXKhJM/hqdefault.jpg,Jin,,1226,,active,707308,77127
episode-012,[EPISODE] j-hope Tour 'HOPE ON THE STAGE' Practice Sketch - BTS (방탄소년단),2025-08-21,2025-08-21,,BTS Episode,BTS Episode,,https://www.youtube.com/watch?v=fIbuWN_gDsc,https://img.youtube.com/vi/fIbuWN_gDsc/hqdefault.jpg,J-Hope,,2251,,active,672680,80980
episode-013,[EPISODE] j-hope @ Lollapalooza Berlin 2025 - BTS (방탄소년단),2025-08-13,2025-08-13,,BTS Episode,BTS Episode,,https://www.youtube.com/watch?v=sqCz07uaEwQ,https://img.youtube.com/vi/sqCz07uaEwQ/hqdefault.jpg,J-Hope,,1587,,active,553398,78564
episode-014,[EPISODE] 진 (Jin) 'RUNSEOKJIN_EP.TOUR' in GOYANG - BTS (방탄소년단),2025-07-24,2025-07-24,,BTS Episode,BTS Episode,,https://www.youtube.com/watch?v=17TN_pzt6Z0,https://img.youtube.com/vi/17TN_pzt6Z0/hqdefault.jpg,Jin,,1897,,active,1357785,126957
episode-015,[EPISODE] j-hope Tour ‘HOPE ON THE STAGE’ FINAL - BTS (방탄소년단),2025-07-22,2025-07-22,,BTS Episode,BTS Episode,,https://www.youtube.com/watch?v=rJJFFagT81Y,https://img.youtube.com/vi/rJJFFagT81Y/hqdefault.jpg,J-Hope,,1852,,active,1397446,157668
episode-016,[EPISODE] BTS (방탄소년단) ‘PERMISSION TO DANCE ON STAGE - LIVE’ Concept Photo Shoot Sketch,2025-07-21,2025-07-21,,BTS Episode,BTS Episode,,https://www.youtube.com/watch?v=GXQRQ2vh9eA,https://img.youtube.com/vi/GXQRQ2vh9eA/hqdefault.jpg,RM|Jin|Suga|J-Hope|Jimin|V|Jungkook,,573,,active,1590179,212319
episode-017,[EPISODE] 진 (Jin) 'RUNSEOKJIN_EP.TOUR' Practice Sketch - BTS (방탄소년단),2025-07-16,2025-07-16,,BTS Episode,BTS Episode,,https://www.youtube.com/watch?v=PrXbgkjbWlE,https://img.youtube.com/vi/PrXbgkjbWlE/hqdefault.jpg,Jin,,708,,active,601829,88774
episode-018,[EPISODE] 진 (Jin) Coldplay Concert Guest Appearance Shoot Sketch - BTS (방탄소년단),2025-05-31,2025-05-31,,BTS Episode,BTS Episode,,https://www.youtube.com/watch?v=SGFZMKXQICA,https://img.youtube.com/vi/SGFZMKXQICA/hqdefault.jpg,Jin,,902,,active,693024,85641
episode-019,[EPISODE] j-hope Tour ‘HOPE ON THE STAGE’ in North America - BTS (방탄소년단),2025-05-29,2025-05-29,,BTS Episode,BTS Episode,,https://www.youtube.com/watch?v=RFVpbaHiFK8,https://img.youtube.com/vi/RFVpbaHiFK8/hqdefault.jpg,J-Hope,,2084,,active,681571,85202
episode-020,[EPISODE] j-hope Tour ‘HOPE ON THE STAGE’ in SEOUL - BTS (방탄소년단),2025-04-09,2025-04-09,,BTS Episode,BTS Episode,,https://www.youtube.com/watch?v=G-hj7deXdZo,https://img.youtube.com/vi/G-hj7deXdZo/hqdefault.jpg,J-Hope,,1524,,active,613199,82913
episode-021,[EPISODE] j-hope @ Le Gala des Pièces Jaunes 2025 - BTS (방탄소년단),2025-02-22,2025-02-22,,BTS Episode,BTS Episode,,https://www.youtube.com/watch?v=adC8Tmjy1Go,https://img.youtube.com/vi/adC8Tmjy1Go/hqdefault.jpg,J-Hope,,852,,active,812355,132538
episode-022,[EPISODE] j-hope @ 2024 KBO 한국시리즈 2차전 - BTS (방탄소년단),2024-12-11,2024-12-11,,BTS Episode,BTS Episode,,https://www.youtube.com/watch?v=VflENHbn85k,https://img.youtube.com/vi/VflENHbn85k/hqdefault.jpg,J-Hope,,443,,active,607485,114824
episode-023,[EPISODE] 진 (Jin) '슈퍼 참치 (Super Tuna)' Special Video Shoot Sketch - BTS (방탄소년단),2024-10-12,2024-10-12,,BTS Episode,BTS Episode,,https://www.youtube.com/watch?v=ycsnazqL0Zs,https://img.youtube.com/vi/ycsnazqL0Zs/hqdefault.jpg,Jin,,372,,active,1642170,212516
episode-024,[EPISODE] 진 (Jin) @ Paris 2024 as the Torchbearer - BTS (방탄소년단),2024-08-11,2024-08-11,,BTS Episode,BTS Episode,,https://www.youtube.com/watch?v=nUfRzNl0UjE,https://img.youtube.com/vi/nUfRzNl0UjE/hqdefault.jpg,Jin,,628,,active,1195639,200079
episode-025,"[EPISODE] 진 (Jin) @ 2024년 6월 13일의 석진, 날씨 맑음☀️ - BTS (방탄소년단)",2024-07-18,2024-07-18,,BTS Episode,BTS Episode,,https://www.youtube.com/watch?v=wxrRW2aGxRU,https://img.youtube.com/vi/wxrRW2aGxRU/hqdefault.jpg,Jin,,972,,active,1451695,213388
episode-026,[EPISODE] SUGA | Agust D TOUR ‘D-DAY’ THE FINAL - BTS (방탄소년단),2024-06-15,2024-06-15,,BTS Episode,BTS Episode,,https://www.youtube.com/watch?v=VPRLfV57hZQ,https://img.youtube.com/vi/VPRLfV57hZQ/hqdefault.jpg,Suga,,1481,,active,1944735,253211
episode-027,[EPISODE] SUGA | Agust D TOUR 'D-DAY' in SEOUL - BTS (방탄소년단),2024-04-07,2024-04-07,,BTS Episode,BTS Episode,,https://www.youtube.com/watch?v=MdoJUJGrYFE,https://img.youtube.com/vi/MdoJUJGrYFE/hqdefault.jpg,Suga,,1156,,active,1398024,206843
episode-028,[EPISODE] SUGA | Agust D TOUR 'D-DAY' in ASIA - BTS (방탄소년단),2024-03-24,2024-03-24,,BTS Episode,BTS Episode,,https://www.youtube.com/watch?v=na1vAkq3bSA,https://img.youtube.com/vi/na1vAkq3bSA/hqdefault.jpg,Suga,,1665,,active,1053780,162590
episode-029,[EPISODE] SUGA | Agust D TOUR 'D-DAY' in the USA - BTS (방탄소년단),2024-03-10,2024-03-10,,BTS Episode,BTS Episode,,https://www.youtube.com/watch?v=l1-00U3GIsI,https://img.youtube.com/vi/l1-00U3GIsI/hqdefault.jpg,Suga,,1807,,active,1463489,227661
episode-030,[EPISODE] 'Love wins all’ MV Shoot Sketch - BTS (방탄소년단),2024-01-29,2024-01-29,,BTS Episode,BTS Episode,,https://www.youtube.com/watch?v=hIViwGucb18,https://img.youtube.com/vi/hIViwGucb18/hqdefault.jpg,RM|Jin|Suga|J-Hope|Jimin|V|Jungkook,,504,,active,3540661,364429
episode-031,[EPISODE] j-hope @ Dick Clark’s New Year's Rockin' Eve 2023 - BTS (방탄소년단),2023-12-26,2023-12-26,,BTS Episode,BTS Episode,,https://www.youtube.com/watch?v=9oqUwz0UWFg,https://img.youtube.com/vi/9oqUwz0UWFg/hqdefault.jpg,J-Hope,,1074,,active,964741,158411
episode-032,[EPISODE] '다시는 사랑한다 말하지 마 (Don’t ever say love me) (Feat. RM of BTS)' Live Clip Sketch - BTS (방탄소년단),2023-08-23,2023-08-23,,BTS Episode,BTS Episode,,https://www.youtube.com/watch?v=L8vEWO0U8sI,https://img.youtube.com/vi/L8vEWO0U8sI/hqdefault.jpg,RM,,338,,active,930697,203427
episode-033,[EPISODE] j-hope ‘Jack In The Box (HOPE Edition)’ Jacket Shoot Sketch - BTS (방탄소년단),2023-08-19,2023-08-19,,BTS Episode,BTS Episode,,https://www.youtube.com/watch?v=yO4ehR7jl-Y,https://img.youtube.com/vi/yO4ehR7jl-Y/hqdefault.jpg,J-Hope,,475,,active,879137,186164
episode-034,[EPISODE] Jung Kook’s Calvin Klein Commercial Shoot Sketch - BTS (방탄소년단),2023-08-03,2023-08-03,,BTS Episode,BTS Episode,,https://www.youtube.com/watch?v=odY2a7xBvWY,https://img.youtube.com/vi/odY2a7xBvWY/hqdefault.jpg,Jungkook,,535,,active,3070547,381428
episode-035,[EPISODE] 정국 (Jung Kook) 'Seven (feat. Latto)' MV Shoot Sketch - BTS (방탄소년단),2023-07-19,2023-07-19,,BTS Episode,BTS Episode,,https://www.youtube.com/watch?v=D4AtpsxE4es,https://img.youtube.com/vi/D4AtpsxE4es/hqdefault.jpg,Jungkook,,767,,active,7864486,730034
episode-036,[EPISODE] 지민 (Jimin) ‘FACE’ Music Show Promotions Sketch - BTS (방탄소년단),2023-07-10,2023-07-10,,BTS Episode,BTS Episode,,https://www.youtube.com/watch?v=6dQ3B1pJlW0,https://img.youtube.com/vi/6dQ3B1pJlW0/hqdefault.jpg,Jimin,,1251,,active,2431606,323923
episode-037,[EPISODE] Agust D ‘AMYGDALA’ MV & Jacket Shoot Sketch - BTS (방탄소년단),2023-04-29,2023-04-29,,BTS Episode,BTS Episode,,https://www.youtube.com/watch?v=sv9hO-UzKhA,https://img.youtube.com/vi/sv9hO-UzKhA/hqdefault.jpg,Suga,,967,,active,1992388,285023
episode-038,[EPISODE] j-hope's Year-End Award Shows Sketch - BTS (방탄소년단),2023-04-26,2023-04-26,,BTS Episode,BTS Episode,,https://www.youtube.com/watch?v=RFZTTTmPUl0,https://img.youtube.com/vi/RFZTTTmPUl0/hqdefault.jpg,J-Hope,,1119,,active,1314220,233751
episode-039,[EPISODE] Agust D ‘해금’ MV & Jacket Shoot Sketch - BTS (방탄소년단),2023-04-23,2023-04-23,,BTS Episode,BTS Episode,,https://www.youtube.com/watch?v=_SAaJkHYRf4,https://img.youtube.com/vi/_SAaJkHYRf4/hqdefault.jpg,Suga,,558,,active,2098618,339133
episode-040,[EPISODE] Agust D ‘사람 Pt.2 (feat. 아이유)’ MV Shoot Sketch - BTS (방탄소년단),2023-04-08,2023-04-08,,BTS Episode,BTS Episode,,https://www.youtube.com/watch?v=yrGbD3ADlQc,https://img.youtube.com/vi/yrGbD3ADlQc/hqdefault.jpg,Suga,,382,,active,1468382,247749
episode-041,[EPISODE] 지민 (Jimin) Choreography Practice Sketch - BTS (방탄소년단),2023-04-05,2023-04-05,,BTS Episode,BTS Episode,,https://www.youtube.com/watch?v=ih4NpgY-fsI,https://img.youtube.com/vi/ih4NpgY-fsI/hqdefault.jpg,Jimin,,1194,,active,3963813,402894
episode-042,[EPISODE] RM ‘Live in New York’ Shoot Sketch - BTS (방탄소년단),2023-04-01,2023-04-01,,BTS Episode,BTS Episode,,https://www.youtube.com/watch?v=sHqE8Av0GCA,https://img.youtube.com/vi/sHqE8Av0GCA/hqdefault.jpg,RM,,775,,active,1038080,208866
episode-043,[EPISODE] 지민 (Jimin) ‘Like Crazy’ MV Shoot Sketch - BTS (방탄소년단),2023-03-29,2023-03-29,,BTS Episode,BTS Episode,,https://www.youtube.com/watch?v=ZL8rqmDNQWY,https://img.youtube.com/vi/ZL8rqmDNQWY/hqdefault.jpg,Jimin,,632,,active,1723292,276287
episode-044,[EPISODE] 지민 (Jimin) ‘Set Me Free Pt.2’ MV Shoot Sketch - BTS (방탄소년단),2023-03-21,2023-03-21,,BTS Episode,BTS Episode,,https://www.youtube.com/watch?v=MnK-Ahuu3uU,https://img.youtube.com/vi/MnK-Ahuu3uU/hqdefault.jpg,Jimin,,692,,active,3199555,467894
episode-045,[EPISODE] 'Smoke Sprite (feat. RM of BTS)' MV Shoot Sketch - BTS (방탄소년단),2023-03-20,2023-03-20,,BTS Episode,BTS Episode,,https://www.youtube.com/watch?v=2SySurNugT4,https://img.youtube.com/vi/2SySurNugT4/hqdefault.jpg,RM,,379,,active,931483,211269
episode-046,[EPISODE] RM 'Live in Seoul' Concert Sketch - BTS (방탄소년단),2023-03-16,2023-03-16,,BTS Episode,BTS Episode,,https://www.youtube.com/watch?v=I9e2s24HqPg,https://img.youtube.com/vi/I9e2s24HqPg/hqdefault.jpg,RM,,1270,,active,1101132,209095
episode-047,[EPISODE]  j-hope 'on the street (with J. Cole)' MV Shoot Sketch - BTS (방탄소년단),2023-03-13,2023-03-13,,BTS Episode,BTS Episode,,https://www.youtube.com/watch?v=BZnZtqpyqLs,https://img.youtube.com/vi/BZnZtqpyqLs/hqdefault.jpg,J-Hope,,813,,active,1676535,275227
episode-048,[EPISODE] 정국 (Jung Kook) FIFA World Cup Qatar 2022 Opening Ceremony Sketch - BTS (방탄소년단),2023-02-12,2023-02-12,,BTS Episode,BTS Episode,,https://www.youtube.com/watch?v=6Cqe6NR2bzc,https://img.youtube.com/vi/6Cqe6NR2bzc/hqdefault.jpg,Jungkook,,1408,,active,7824822,626070
episode-049,[EPISODE] 진 (Jin) Coldplay Concert Special Performance Sketch - BTS (방탄소년단),2023-02-05,2023-02-05,,BTS Episode,BTS Episode,,https://www.youtube.com/watch?v=HOLAaK3u_jw,https://img.youtube.com/vi/HOLAaK3u_jw/hqdefault.jpg,Jin,,1133,,active,3388197,385429
episode-050,[EPISODE] ‘VIBE (Feat. Jimin of BTS)’ MV Shoot Sketch - BTS (방탄소년단),2023-01-28,2023-01-28,,BTS Episode,BTS Episode,,https://www.youtube.com/watch?v=csl60RCYJO8,https://img.youtube.com/vi/csl60RCYJO8/hqdefault.jpg,Jimin,,577,,active,3405334,425415
episode-051,"[EPISODE] BTS (방탄소년단) @ ""Yet To Come"" in BUSAN",2023-01-22,2023-01-22,,BTS Episode,BTS Episode,,https://www.youtube.com/watch?v=c7wByYDxktE,https://img.youtube.com/vi/c7wByYDxktE/hqdefault.jpg,RM|Jin|Suga|J-Hope|Jimin|V|Jungkook,,2008,,active,13731225,774449
episode-052,[EPISODE] 정국 (Jung Kook) FIFA World Cup 2022 Soundtrack ‘Dreamers’ MV Shoot Sketch - BTS (방탄소년단),2022-12-26,2022-12-26,,BTS Episode,BTS Episode,,https://www.youtube.com/watch?v=lcR8CBCW1bs,https://img.youtube.com/vi/lcR8CBCW1bs/hqdefault.jpg,Jungkook,,513,,active,11332158,843673
episode-053,[EPISODE] BTS (방탄소년단) @ THE FACT MUSIC AWARDS,2022-12-25,2022-12-25,,BTS Episode,BTS Episode,,https://www.youtube.com/watch?v=S1ZdFMz0RSw,https://img.youtube.com/vi/S1ZdFMz0RSw/hqdefault.jpg,RM|Jin|Suga|J-Hope|Jimin|V|Jungkook,,852,,active,4424577,470493
episode-054,[EPISODE] RM ‘Still Life (with Anderson .Paak)’ MV Shoot Sketch - BTS (방탄소년단),2022-12-11,2022-12-11,,BTS Episode,BTS Episode,,https://www.youtube.com/watch?v=lPRLgAMro8k,https://img.youtube.com/vi/lPRLgAMro8k/hqdefault.jpg,RM,,809,,active,859589,184972
episode-055,[EPISODE] RM ‘들꽃놀이 (with 조유진)’ MV Shoot Sketch - BTS (방탄소년단),2022-12-08,2022-12-08,,BTS Episode,BTS Episode,,https://www.youtube.com/watch?v=q6AE2RC9tCA,https://img.youtube.com/vi/q6AE2RC9tCA/hqdefault.jpg,RM,,853,,active,2165303,284844
episode-056,[EPISODE] RM ‘Indigo’ Jacket Shoot Sketch - BTS (방탄소년단),2022-12-03,2022-12-03,,BTS Episode,BTS Episode,,https://www.youtube.com/watch?v=HMKRi6REhSw,https://img.youtube.com/vi/HMKRi6REhSw/hqdefault.jpg,RM,,408,,active,959099,255861
episode-057,[EPISODE] j-hope @ Lollapalooza 2022 - BTS (방탄소년단),2022-11-26,2022-11-26,,BTS Episode,BTS Episode,,https://www.youtube.com/watch?v=Wmm_UJPf_Zo,https://img.youtube.com/vi/Wmm_UJPf_Zo/hqdefault.jpg,J-Hope,,1366,,active,2943176,442868
episode-058,[EPISODE] 진 (Jin) 'The Astronaut' MV Shoot Sketch - BTS (방탄소년단),2022-11-07,2022-11-07,,BTS Episode,BTS Episode,,https://www.youtube.com/watch?v=0BZKOnSs2oo,https://img.youtube.com/vi/0BZKOnSs2oo/hqdefault.jpg,Jin,,813,,active,3487958,449310
episode-059,[EPISODE] 진 (Jin) 'The Astronaut' Jacket Shoot Sketch - BTS (방탄소년단),2022-11-06,2022-11-06,,BTS Episode,BTS Episode,,https://www.youtube.com/watch?v=eA13wUVdTkA,https://img.youtube.com/vi/eA13wUVdTkA/hqdefault.jpg,Jin,,381,,active,1733322,343458
episode-060,[EPISODE] 'Rush Hour (Feat. j-hope of BTS)’ MV Shoot Sketch - BTS (방탄소년단),2022-10-12,2022-10-12,,BTS Episode,BTS Episode,,https://www.youtube.com/watch?v=5nMNsQTyOMk,https://img.youtube.com/vi/5nMNsQTyOMk/hqdefault.jpg,J-Hope,,345,,active,1515379,297415
episode-061,[EPISODE] BTS (방탄소년단) Visited the White House to Discuss Anti-Asian Hate Crimes,2022-10-05,2022-10-05,,BTS Episode,BTS Episode,,https://www.youtube.com/watch?v=xjfw_fNRfds,https://img.youtube.com/vi/xjfw_fNRfds/hqdefault.jpg,RM|Jin|Suga|J-Hope|Jimin|V|Jungkook,,923,,active,6087038,597700
episode-062,[EPISODE] BTS (방탄소년단) 'Proof' Music Show Promotions Sketch,2022-09-17,2022-09-17,,BTS Episode,BTS Episode,,https://www.youtube.com/watch?v=r45lTgTHsjM,https://img.youtube.com/vi/r45lTgTHsjM/hqdefault.jpg,RM|Jin|Suga|J-Hope|Jimin|V|Jungkook,,1277,,active,7319533,707122
episode-063,[EPISODE] ‘SEXY NUKIM (feat. RM of BTS)’ MV Shoot Sketch - BTS (방탄소년단),2022-09-14,2022-09-14,,BTS Episode,BTS Episode,,https://www.youtube.com/watch?v=CEg7phnkAZI,https://img.youtube.com/vi/CEg7phnkAZI/hqdefault.jpg,RM,,269,,active,2906649,524132
episode-064,[EPISODE] BTS (방탄소년단) ‘Bad Decisions’ Recording Sketch,2022-08-16,2022-08-16,,BTS Episode,BTS Episode,,https://www.youtube.com/watch?v=TaP7GOBhoJc,https://img.youtube.com/vi/TaP7GOBhoJc/hqdefault.jpg,RM|Jin|Suga|J-Hope|Jimin|V|Jungkook,,386,,active,6355995,812707
episode-065,[EPISODE] j-hope 'Jack In The Box' Album Cover Shoot Sketch - BTS (방탄소년단),2022-08-09,2022-08-09,,BTS Episode,BTS Episode,,https://www.youtube.com/watch?v=bi0xWtGGzes,https://img.youtube.com/vi/bi0xWtGGzes/hqdefault.jpg,J-Hope,,238,,active,1545841,330367
episode-066,[EPISODE] j-hope ‘방화 (Arson)’ MV Shoot Sketch - BTS (방탄소년단),2022-07-17,2022-07-17,,BTS Episode,BTS Episode,,https://www.youtube.com/watch?v=gRkldMZ6NC0,https://img.youtube.com/vi/gRkldMZ6NC0/hqdefault.jpg,J-Hope,,643,,active,1858391,397378
episode-067,[EPISODE] j-hope ‘MORE’ MV Shoot Sketch - BTS (방탄소년단),2022-07-06,2022-07-06,,BTS Episode,BTS Episode,,https://www.youtube.com/watch?v=jl8GHkEguXE,https://img.youtube.com/vi/jl8GHkEguXE/hqdefault.jpg,J-Hope,,846,,active,3782638,709735
episode-068,[EPISODE] 'Left and Right (Feat. Jung Kook of BTS)' Recording Sketch - BTS (방탄소년단),2022-07-05,2022-07-05,,BTS Episode,BTS Episode,,https://www.youtube.com/watch?v=MF8pb6KC2-4,https://img.youtube.com/vi/MF8pb6KC2-4/hqdefault.jpg,Jungkook,,498,,active,7554308,1064993
episode-069,[EPISODE] BTS (방탄소년단) @ 64th GRAMMY Awards,2022-07-04,2022-07-04,,BTS Episode,BTS Episode,,https://www.youtube.com/watch?v=Hr1OSHf3S2Q,https://img.youtube.com/vi/Hr1OSHf3S2Q/hqdefault.jpg,RM|Jin|Suga|J-Hope|Jimin|V|Jungkook,,1797,,active,12661759,850560
episode-070,[EPISODE] BTS (방탄소년단) ‘Yet To Come (The Most Beautiful Moment)’ MV Shoot Sketch,2022-06-18,2022-06-18,,BTS Episode,BTS Episode,,https://www.youtube.com/watch?v=5eFOa2hKRwM,https://img.youtube.com/vi/5eFOa2hKRwM/hqdefault.jpg,RM|Jin|Suga|J-Hope|Jimin|V|Jungkook,,736,,active,4643951,735602
episode-071,[EPISODE] BTS (방탄소년단) 2022 FESTA Family Portrait Shoot #2022BTSFESTA,2022-06-09,2022-06-09,,BTS Episode,BTS Episode,,https://www.youtube.com/watch?v=8B_xhaxSjWc,https://img.youtube.com/vi/8B_xhaxSjWc/hqdefault.jpg,RM|Jin|Suga|J-Hope|Jimin|V|Jungkook,,517,,active,5641374,861025
episode-072,[EPISODE] BTS (방탄소년단) Coldplay X BTS ‘My Universe’ MV Shoot,2022-05-25,2022-05-25,,BTS Episode,BTS Episode,,https://www.youtube.com/watch?v=RlMsoIdjCPg,https://img.youtube.com/vi/RlMsoIdjCPg/hqdefault.jpg,RM|Jin|Suga|J-Hope|Jimin|V|Jungkook,,756,,active,5906657,728247
episode-073,[EPISODE] BTS (방탄소년단) @ 'PERMISSION TO DANCE ON STAGE - SEOUL',2022-05-17,2022-05-17,,BTS Episode,BTS Episode,,https://www.youtube.com/watch?v=BmNX0nH48xU,https://img.youtube.com/vi/BmNX0nH48xU/hqdefault.jpg,RM|Jin|Suga|J-Hope|Jimin|V|Jungkook,,1759,,active,7739184,773330
episode-074,[EPISODE] ‘That That (prod. & ft. SUGA of BTS)’ MV Shoot Sketch - BTS (방탄소년단),2022-05-04,2022-05-04,,BTS Episode,BTS Episode,,https://www.youtube.com/watch?v=acMC7bTVcY8,https://img.youtube.com/vi/acMC7bTVcY8/hqdefault.jpg,Suga,,458,,active,11934792,1145795
episode-075,[EPISODE] BTS (방탄소년단) @ 2021 iHeartRadio Jingle Ball,2022-02-12,2022-02-12,,BTS Episode,BTS Episode,,https://www.youtube.com/watch?v=qot8a4TnD0c,https://img.youtube.com/vi/qot8a4TnD0c/hqdefault.jpg,RM|Jin|Suga|J-Hope|Jimin|V|Jungkook,,631,,active,4798292,676911
episode-076,[EPISODE] BTS (방탄소년단) @ 2021 American Music Awards,2022-02-01,2022-02-01,,BTS Episode,BTS Episode,,https://www.youtube.com/watch?v=CoLspajPTSY,https://img.youtube.com/vi/CoLspajPTSY/hqdefault.jpg,RM|Jin|Suga|J-Hope|Jimin|V|Jungkook,,1182,,active,11720684,1062961
episode-077,[EPISODE] BTS (방탄소년단) @ UNGA | SDG Moment 2021,2021-10-28,2021-10-28,,BTS Episode,BTS Episode,,https://www.youtube.com/watch?v=3APNtu6gzLQ,https://img.youtube.com/vi/3APNtu6gzLQ/hqdefault.jpg,RM|Jin|Suga|J-Hope|Jimin|V|Jungkook,,1224,,active,8470343,969565
episode-078,[EPISODE] BTS (방탄소년단) @ 2021 MTV Unplugged,2021-10-18,2021-10-18,,BTS Episode,BTS Episode,,https://www.youtube.com/watch?v=maW3moLJ4q0,https://img.youtube.com/vi/maW3moLJ4q0/hqdefault.jpg,RM|Jin|Suga|J-Hope|Jimin|V|Jungkook,,782,,active,5340981,758912
episode-079,[EPISODE] BTS (방탄소년단) 2021 FESTA Family Portrait Shoot,2021-10-01,2021-10-01,,BTS Episode,BTS Episode,,https://www.youtube.com/watch?v=tyrn764rWA4,https://img.youtube.com/vi/tyrn764rWA4/hqdefault.jpg,RM|Jin|Suga|J-Hope|Jimin|V|Jungkook,,921,,active,6799245,872813
episode-080,[EPISODE] BTS (방탄소년단) @ 63rd GRAMMY Awards,2021-09-29,2021-09-29,,BTS Episode,BTS Episode,,https://www.youtube.com/watch?v=41lSi2YSzA0,https://img.youtube.com/vi/41lSi2YSzA0/hqdefault.jpg,RM|Jin|Suga|J-Hope|Jimin|V|Jungkook,,1158,,active,9219614,1048876
episode-081,[EPISODE] BTS (방탄소년단) 2021 ‘DALMAJUNG’ Shoot,2021-09-22,2021-09-22,,BTS Episode,BTS Episode,,https://www.youtube.com/watch?v=cBjePGORgCE,https://img.youtube.com/vi/cBjePGORgCE/hqdefault.jpg,RM|Jin|Suga|J-Hope|Jimin|V|Jungkook,,492,,active,6919308,1017922
episode-082,[EPISODE] BTS (방탄소년단) @ 2020 SBS 가요대전,2021-08-29,2021-08-29,,BTS Episode,BTS Episode,,https://www.youtube.com/watch?v=NaCF3Ip0X0Y,https://img.youtube.com/vi/NaCF3Ip0X0Y/hqdefault.jpg,RM|Jin|Suga|J-Hope|Jimin|V|Jungkook,,1356,,active,6709225,900479
episode-083,[EPISODE] BTS (방탄소년단) LOVE MYSELF Give-ticon Shoot,2021-08-22,2021-08-22,,BTS Episode,BTS Episode,,https://www.youtube.com/watch?v=4rAWCYHjt8I,https://img.youtube.com/vi/4rAWCYHjt8I/hqdefault.jpg,RM|Jin|Suga|J-Hope|Jimin|V|Jungkook,,462,,active,5390957,923460
episode-084,[EPISODE] BTS (방탄소년단) @ 2020 MAMA,2021-08-07,2021-08-07,,BTS Episode,BTS Episode,,https://www.youtube.com/watch?v=v0asd3sNv28,https://img.youtube.com/vi/v0asd3sNv28/hqdefault.jpg,RM|Jin|Suga|J-Hope|Jimin|V|Jungkook,,1081,,active,8635863,1094821
episode-085,[EPISODE] BTS (방탄소년단) 'Permission to Dance' MV Shoot Sketch,2021-07-18,2021-07-18,,BTS Episode,BTS Episode,,https://www.youtube.com/watch?v=O4-Ta0VQeOA,https://img.youtube.com/vi/O4-Ta0VQeOA/hqdefault.jpg,RM|Jin|Suga|J-Hope|Jimin|V|Jungkook,,729,,active,12005648,1414549
episode-086,[EPISODE] BTS (방탄소년단) ‘Butter’ Jacket Shoot Sketch,2021-07-12,2021-07-12,,BTS Episode,BTS Episode,,https://www.youtube.com/watch?v=6318pLyv12E,https://img.youtube.com/vi/6318pLyv12E/hqdefault.jpg,RM|Jin|Suga|J-Hope|Jimin|V|Jungkook,,669,,active,13308228,1655257
episode-087,[EPISODE] BTS (방탄소년단) @ 2020 MMA,2021-06-26,2021-06-26,,BTS Episode,BTS Episode,,https://www.youtube.com/watch?v=EAAR25p-A2g,https://img.youtube.com/vi/EAAR25p-A2g/hqdefault.jpg,RM|Jin|Suga|J-Hope|Jimin|V|Jungkook,,962,,active,8526543,1241493
episode-088,[EPISODE] BTS (방탄소년단) 'MAP OF THE SOUL ON:E CONCEPT PHOTO BOOK' Photoshoot Sketch,2021-05-31,2021-05-31,,BTS Episode,BTS Episode,,https://www.youtube.com/watch?v=N21jbm-EeMY,https://img.youtube.com/vi/N21jbm-EeMY/hqdefault.jpg,RM|Jin|Suga|J-Hope|Jimin|V|Jungkook,,979,,active,6897865,1200918
episode-089,[EPISODE] BTS (방탄소년단) 'Butter' MV Shoot Sketch,2021-05-23,2021-05-23,,BTS Episode,BTS Episode,,https://www.youtube.com/watch?v=mQEGPegvnuM,https://img.youtube.com/vi/mQEGPegvnuM/hqdefault.jpg,RM|Jin|Suga|J-Hope|Jimin|V|Jungkook,,656,,active,19836866,2247346
episode-090,[EPISODE] BTS (방탄소년단) LOVE MYSELF Campaign Special Announcement,2021-04-26,2021-04-26,,BTS Episode,BTS Episode,,https://www.youtube.com/watch?v=awwmSKqoV-w,https://img.youtube.com/vi/awwmSKqoV-w/hqdefault.jpg,RM|Jin|Suga|J-Hope|Jimin|V|Jungkook,,657,,active,5033206,887714
episode-091,[EPISODE] BTS (방탄소년단) on the News and Radio,2021-04-12,2021-04-12,,BTS Episode,BTS Episode,,https://www.youtube.com/watch?v=kW7xsac4MO4,https://img.youtube.com/vi/kW7xsac4MO4/hqdefault.jpg,RM|Jin|Suga|J-Hope|Jimin|V|Jungkook,,431,,active,5594560,997820
episode-092,[EPISODE] BTS (방탄소년단) @ 200929 The Tonight Show,2021-04-04,2021-04-04,,BTS Episode,BTS Episode,,https://www.youtube.com/watch?v=JjyZ3Gnim58,https://img.youtube.com/vi/JjyZ3Gnim58/hqdefault.jpg,RM|Jin|Suga|J-Hope|Jimin|V|Jungkook,,1010,,active,8614994,1132473
episode-093,[EPISODE] BTS (방탄소년단) @ 2020 MTV VMAs,2021-03-20,2021-03-20,,BTS Episode,BTS Episode,,https://www.youtube.com/watch?v=uQYLGiuQqpA,https://img.youtube.com/vi/uQYLGiuQqpA/hqdefault.jpg,RM|Jin|Suga|J-Hope|Jimin|V|Jungkook,,432,,active,5850133,897249
episode-094,[EPISODE] BTS (방탄소년단) 2020 FESTA Family Portrait Shoot,2020-12-29,2020-12-29,,BTS Episode,BTS Episode,,https://www.youtube.com/watch?v=cPtUgWQXs-0,https://img.youtube.com/vi/cPtUgWQXs-0/hqdefault.jpg,RM|Jin|Suga|J-Hope|Jimin|V|Jungkook,,542,,active,8769034,1149018
episode-095,[EPISODE] BTS (방탄소년단) 'Life Goes On' MV Shoot Sketch,2020-11-29,2020-11-29,,BTS Episode,BTS Episode,,https://www.youtube.com/watch?v=LQIIV7uQDfs,https://img.youtube.com/vi/LQIIV7uQDfs/hqdefault.jpg,RM|Jin|Suga|J-Hope|Jimin|V|Jungkook,,377,,active,5824694,994073
episode-096,[EPISODE] BTS (방탄소년단) ‘BE’ Jacket Shoot Sketch,2020-11-22,2020-11-22,,BTS Episode,BTS Episode,,https://www.youtube.com/watch?v=dnnxNw2ZZ5o,https://img.youtube.com/vi/dnnxNw2ZZ5o/hqdefault.jpg,RM|Jin|Suga|J-Hope|Jimin|V|Jungkook,,392,,active,5583687,1195142
episode-097,[EPISODE] BTS (방탄소년단) @ UN General Assembly Speech,2020-11-01,2020-11-01,,BTS Episode,BTS Episode,,https://www.youtube.com/watch?v=zLrTp2KBcWw,https://img.youtube.com/vi/zLrTp2KBcWw/hqdefault.jpg,RM|Jin|Suga|J-Hope|Jimin|V|Jungkook,,653,,active,4787875,801051
episode-098,[EPISODE] BTS (방탄소년단) @ 200225 The Tonight Show,2020-10-26,2020-10-26,,BTS Episode,BTS Episode,,https://www.youtube.com/watch?v=OKy12jb_7EU,https://img.youtube.com/vi/OKy12jb_7EU/hqdefault.jpg,RM|Jin|Suga|J-Hope|Jimin|V|Jungkook,,646,,active,10686538,1024442
episode-099,[EPISODE] BTS (방탄소년단) @ 62nd GRAMMY Awards,2020-10-21,2020-10-21,,BTS Episode,BTS Episode,,https://www.youtube.com/watch?v=qiuQ1cGGwOA,https://img.youtube.com/vi/qiuQ1cGGwOA/hqdefault.jpg,RM|Jin|Suga|J-Hope|Jimin|V|Jungkook,,1583,,active,12934603,1257179
episode-100,[EPISODE] BTS (방탄소년단) 'ON' Kinetic Manifesto Film Shoot Sketch,2020-10-01,2020-10-01,,BTS Episode,BTS Episode,,https://www.youtube.com/watch?v=0Dc6tHgXp88,https://img.youtube.com/vi/0Dc6tHgXp88/hqdefault.jpg,RM|Jin|Suga|J-Hope|Jimin|V|Jungkook,,657,,active,15122886,1277013
episode-101,[EPISODE] BTS (방탄소년단) @ 2019 KBS 가요대축제,2020-10-01,2020-10-01,,BTS Episode,BTS Episode,,https://www.youtube.com/watch?v=NWrEs1eUv3I,https://img.youtube.com/vi/NWrEs1eUv3I/hqdefault.jpg,RM|Jin|Suga|J-Hope|Jimin|V|Jungkook,,691,,active,4053288,705967
episode-102,[EPISODE] BTS (방탄소년단) @ 2018 KBS 가요대축제,2020-10-01,2020-10-01,,BTS Episode,BTS Episode,,https://www.youtube.com/watch?v=jZV1CU95rMo,https://img.youtube.com/vi/jZV1CU95rMo/hqdefault.jpg,RM|Jin|Suga|J-Hope|Jimin|V|Jungkook,,851,,active,9905386,1106262
episode-103,[EPISODE] BTS (방탄소년단) 'Dynamite' MV Shoot Sketch,2020-08-26,2020-08-26,,BTS Episode,BTS Episode,,https://www.youtube.com/watch?v=BFkh9SgyAMs,https://img.youtube.com/vi/BFkh9SgyAMs/hqdefault.jpg,RM|Jin|Suga|J-Hope|Jimin|V|Jungkook,,343,,active,18346097,2251340
episode-104,[EPISODE] BTS (방탄소년단) @ 2019 SBS 가요대전,2020-08-18,2020-08-18,,BTS Episode,BTS Episode,,https://www.youtube.com/watch?v=es-YzoiNdbc,https://img.youtube.com/vi/es-YzoiNdbc/hqdefault.jpg,RM|Jin|Suga|J-Hope|Jimin|V|Jungkook,,946,,active,8633567,1258804
episode-105,[EPISODE] BTS (방탄소년단) @ Dick Clark's New Year's Rockin' Eve 2020,2020-08-01,2020-08-01,,BTS Episode,BTS Episode,,https://www.youtube.com/watch?v=Mxu7et015mo,https://img.youtube.com/vi/Mxu7et015mo/hqdefault.jpg,RM|Jin|Suga|J-Hope|Jimin|V|Jungkook,,1118,,active,11830705,1318090
episode-106,[EPISODE] BTS (방탄소년단) @ 2019 iHR Jingle Ball,2020-07-22,2020-07-22,,BTS Episode,BTS Episode,,https://www.youtube.com/watch?v=0WiOpHXbrYc,https://img.youtube.com/vi/0WiOpHXbrYc/hqdefault.jpg,RM|Jin|Suga|J-Hope|Jimin|V|Jungkook,,679,,active,5808639,952813
episode-107,[EPISODE] Agust D '대취타' MV Shoot Sketch,2020-05-24,2020-05-24,,BTS Episode,BTS Episode,,https://www.youtube.com/watch?v=KWRJ8CUBsXI,https://img.youtube.com/vi/KWRJ8CUBsXI/hqdefault.jpg,Suga,,341,,active,9705351,1530943
episode-108,[EPISODE] BTS (방탄소년단) @ 2019 MAMA,2020-04-26,2020-04-26,,BTS Episode,BTS Episode,,https://www.youtube.com/watch?v=7w5DVOMGkoo,https://img.youtube.com/vi/7w5DVOMGkoo/hqdefault.jpg,RM|Jin|Suga|J-Hope|Jimin|V|Jungkook,,1011,,active,8241958,847057
episode-109,[EPISODE] BTS (방탄소년단) @ 2019 MMA,2020-04-05,2020-04-05,,BTS Episode,BTS Episode,,https://www.youtube.com/watch?v=aMhIQVFvyf4,https://img.youtube.com/vi/aMhIQVFvyf4/hqdefault.jpg,RM|Jin|Suga|J-Hope|Jimin|V|Jungkook,,1341,,active,7048236,779190
episode-110,[EPISODE] BTS (방탄소년단) @ 'LOVE YOURSELF : SPEAK YOURSELF’ in SEOUL,2020-03-21,2020-03-21,,BTS Episode,BTS Episode,,https://www.youtube.com/watch?v=fi_mGCVVABc,https://img.youtube.com/vi/fi_mGCVVABc/hqdefault.jpg,RM|Jin|Suga|J-Hope|Jimin|V|Jungkook,,1489,,active,7776271,820322
episode-111,[EPISODE] BTS (방탄소년단) 'Black Swan' MV Shoot Sketch,2020-03-10,2020-03-10,,BTS Episode,BTS Episode,,https://www.youtube.com/watch?v=hQH1LqAW5FQ,https://img.youtube.com/vi/hQH1LqAW5FQ/hqdefault.jpg,RM|Jin|Suga|J-Hope|Jimin|V|Jungkook,,481,,active,6000815,698077
episode-112,[EPISODE] BTS (방탄소년단) 'ON' MV Shoot Sketch,2020-03-02,2020-03-02,,BTS Episode,BTS Episode,,https://www.youtube.com/watch?v=bYdDxEa3us8,https://img.youtube.com/vi/bYdDxEa3us8/hqdefault.jpg,RM|Jin|Suga|J-Hope|Jimin|V|Jungkook,,369,,active,7290492,945146
episode-113,[EPISODE] BTS (방탄소년단) 'MAP OF THE SOUL : 7' Jacket Shoot Sketch,2020-02-21,2020-02-21,,BTS Episode,BTS Episode,,https://www.youtube.com/watch?v=z2U-IZvqKyU,https://img.youtube.com/vi/z2U-IZvqKyU/hqdefault.jpg,RM|Jin|Suga|J-Hope|Jimin|V|Jungkook,,451,,active,7129976,905035
episode-114,[EPISODE] BTS (방탄소년단) 'Outro : Ego' Comeback Trailer Shooting,2020-02-04,2020-02-04,,BTS Episode,BTS Episode,,https://www.youtube.com/watch?v=_i1xNKUlGmo,https://img.youtube.com/vi/_i1xNKUlGmo/hqdefault.jpg,RM|Jin|Suga|J-Hope|Jimin|V|Jungkook,,308,,active,4608156,734491
episode-115,[EPISODE] BTS (방탄소년단) @ 2018 SBS 가요대전,2020-01-25,2020-01-25,,BTS Episode,BTS Episode,,https://www.youtube.com/watch?v=zBb_CcAvHts,https://img.youtube.com/vi/zBb_CcAvHts/hqdefault.jpg,RM|Jin|Suga|J-Hope|Jimin|V|Jungkook,,833,,active,4464130,543483
episode-116,[EPISODE] BTS (방탄소년단) ‘Interlude : Shadow’ Comeback Trailer Shooting,2020-01-11,2020-01-11,,BTS Episode,BTS Episode,,https://www.youtube.com/watch?v=WuysD7OTFkY,https://img.youtube.com/vi/WuysD7OTFkY/hqdefault.jpg,RM|Jin|Suga|J-Hope|Jimin|V|Jungkook,,267,,active,4348196,766798
episode-117,[EPISODE] Welcome to 'BTS POP-UP : HOUSE OF BTS',2019-11-08,2019-11-08,,BTS Episode,BTS Episode,,https://www.youtube.com/watch?v=wJokJjd-Auw,https://img.youtube.com/vi/wJokJjd-Auw/hqdefault.jpg,RM|Jin|Suga|J-Hope|Jimin|V|Jungkook,,745,,active,43992294,1775503
episode-118,[EPISODE] 2019 FESTA Family Portrait Shooting #2,2019-11-04,2019-11-04,,BTS Episode,BTS Episode,,https://www.youtube.com/watch?v=PL25mHpsogg,https://img.youtube.com/vi/PL25mHpsogg/hqdefault.jpg,RM|Jin|Suga|J-Hope|Jimin|V|Jungkook,,350,,active,3371109,456620
episode-119,[EPISODE] 2019 FESTA Family Portrait Shooting #1,2019-11-01,2019-11-01,,BTS Episode,BTS Episode,,https://www.youtube.com/watch?v=ocgU3OU90rk,https://img.youtube.com/vi/ocgU3OU90rk/hqdefault.jpg,RM|Jin|Suga|J-Hope|Jimin|V|Jungkook,,370,,active,5184138,616908
episode-120,[EPISODE] j-hope 'Chicken Noodle Soup (feat. Becky G)' MV Shoot Sketch,2019-09-29,2019-09-29,,BTS Episode,BTS Episode,,https://www.youtube.com/watch?v=uxG6dIDM5ws,https://img.youtube.com/vi/uxG6dIDM5ws/hqdefault.jpg,J-Hope,,312,,active,11233775,1168841
episode-121,[EPISODE] BTS (방탄소년단) @ Billboard Music Awards 2019,2019-08-30,2019-08-30,,BTS Episode,BTS Episode,,https://www.youtube.com/watch?v=9Dfw8Ly2luo,https://img.youtube.com/vi/9Dfw8Ly2luo/hqdefault.jpg,RM|Jin|Suga|J-Hope|Jimin|V|Jungkook,,2245,,active,14984640,666690
episode-122,[EPISODE] BTS (방탄소년단) @ SNL,2019-08-23,2019-08-23,,BTS Episode,BTS Episode,,https://www.youtube.com/watch?v=ZWtFMxxaZW4,https://img.youtube.com/vi/ZWtFMxxaZW4/hqdefault.jpg,RM|Jin|Suga|J-Hope|Jimin|V|Jungkook,,1022,,active,7687185,731784
episode-123,[EPISODE] BTS (방탄소년단) LOVE MYSELF Global Campaign Video Shoot Sketch,2019-08-16,2019-08-16,,BTS Episode,BTS Episode,,https://www.youtube.com/watch?v=0gpL4vvgOLQ,https://img.youtube.com/vi/0gpL4vvgOLQ/hqdefault.jpg,RM|Jin|Suga|J-Hope|Jimin|V|Jungkook,,312,,active,2601481,481905
episode-124,[EPISODE] BTS (방탄소년단) @2018 MAMA in HONG KONG,2019-05-18,2019-05-18,,BTS Episode,BTS Episode,,https://www.youtube.com/watch?v=Wkv2zRPef8E,https://img.youtube.com/vi/Wkv2zRPef8E/hqdefault.jpg,RM|Jin|Suga|J-Hope|Jimin|V|Jungkook,,1321,,active,7003545,680198
episode-125,[EPISODE] BTS (방탄소년단) 'MAP OF THE SOUL : PERSONA' Jacket shooting sketch,2019-04-22,2019-04-22,,BTS Episode,BTS Episode,,https://www.youtube.com/watch?v=h0fFr_6sq6w,https://img.youtube.com/vi/h0fFr_6sq6w/hqdefault.jpg,RM|Jin|Suga|J-Hope|Jimin|V|Jungkook,,341,,active,8966765,973500
episode-126,[EPISODE] BTS (방탄소년단) '작은 것들을 위한 시 (Boy With Luv) feat. Halsey' MV Shooting Sketch,2019-04-13,2019-04-13,,BTS Episode,BTS Episode,,https://www.youtube.com/watch?v=_h5mdGeykP0,https://img.youtube.com/vi/_h5mdGeykP0/hqdefault.jpg,RM|Jin|Suga|J-Hope|Jimin|V|Jungkook,,337,,active,9033347,1023989
episode-127,[EPISODE] BTS (방탄소년단) @ 2018 MAMA in JAPAN,2019-03-31,2019-03-31,,BTS Episode,BTS Episode,,https://www.youtube.com/watch?v=nvQxTRyPpNk,https://img.youtube.com/vi/nvQxTRyPpNk/hqdefault.jpg,RM|Jin|Suga|J-Hope|Jimin|V|Jungkook,,1188,,active,3451843,416647
episode-128,[EPISODE] BTS (방탄소년단) @2018 MMA,2019-01-25,2019-01-25,,BTS Episode,BTS Episode,,https://www.youtube.com/watch?v=Hi7o-cnmBZU,https://img.youtube.com/vi/Hi7o-cnmBZU/hqdefault.jpg,RM|Jin|Suga|J-Hope|Jimin|V|Jungkook,,1994,,active,10076531,663105
episode-129,[EPISODE] BTS (방탄소년단) @ 2018 MGA,2019-01-20,2019-01-20,,BTS Episode,BTS Episode,,https://www.youtube.com/watch?v=hMUXqTtXbFQ,https://img.youtube.com/vi/hMUXqTtXbFQ/hqdefault.jpg,RM|Jin|Suga|J-Hope|Jimin|V|Jungkook,,2131,,active,5974924,498216
episode-130,[EPISODE] BTS (방탄소년단) @2018 대한민국 대중문화예술상,2019-01-09,2019-01-09,,BTS Episode,BTS Episode,,https://www.youtube.com/watch?v=CX-RCQCm04k,https://img.youtube.com/vi/CX-RCQCm04k/hqdefault.jpg,RM|Jin|Suga|J-Hope|Jimin|V|Jungkook,,908,,active,3079546,379310
episode-131,[EPISODE] BTS (방탄소년단) UN General Assembly Behind,2018-10-21,2018-10-21,,BTS Episode,BTS Episode,,https://www.youtube.com/watch?v=JeODXwSenKs,https://img.youtube.com/vi/JeODXwSenKs/hqdefault.jpg,RM|Jin|Suga|J-Hope|Jimin|V|Jungkook,,1153,,active,3630907,461974
episode-132,[EPISODE] BTS (방탄소년단) 'IDOL' MV Shooting Sketch,2018-09-03,2018-09-03,,BTS Episode,BTS Episode,,https://www.youtube.com/watch?v=boiWgfpYYrk,https://img.youtube.com/vi/boiWgfpYYrk/hqdefault.jpg,RM|Jin|Suga|J-Hope|Jimin|V|Jungkook,,298,,active,7578782,751641
episode-133,[EPISODE] BTS (방탄소년단) LOVE YOURSELF 結 'Answer' Jacket shooting sketch,2018-08-21,2018-08-21,,BTS Episode,BTS Episode,,https://www.youtube.com/watch?v=JdLOuSLhuxc,https://img.youtube.com/vi/JdLOuSLhuxc/hqdefault.jpg,RM|Jin|Suga|J-Hope|Jimin|V|Jungkook,,353,,active,6063983,790832
episode-134,[EPISODE] BTS (방탄소년단) @ Billboard Music Awards 2018,2018-07-31,2018-07-31,,BTS Episode,BTS Episode,,https://www.youtube.com/watch?v=FBLx-6l24-Q,https://img.youtube.com/vi/FBLx-6l24-Q/hqdefault.jpg,RM|Jin|Suga|J-Hope|Jimin|V|Jungkook,,2198,,active,45494281,1916182
episode-135,[EPISODE] BTS (방탄소년단) 'Euphoria : Theme of LOVE YOURSELF 起 Wonder' Shooting,2018-05-30,2018-05-30,,BTS Episode,BTS Episode,,https://www.youtube.com/watch?v=kDKnN42BOiI,https://img.youtube.com/vi/kDKnN42BOiI/hqdefault.jpg,RM|Jin|Suga|J-Hope|Jimin|V|Jungkook,,301,,active,4987803,686231
episode-136,[EPISODE] BTS (방탄소년단) LOVE YOURSELF 轉 'Tear' Jacket shooting sketch,2018-05-20,2018-05-20,,BTS Episode,BTS Episode,,https://www.youtube.com/watch?v=YWM1fCHbp-Q,https://img.youtube.com/vi/YWM1fCHbp-Q/hqdefault.jpg,RM|Jin|Suga|J-Hope|Jimin|V|Jungkook,,374,,active,4841405,616178
episode-137,[EPISODE] j-hope 1st mixtape MV Shooting #2,2018-03-12,2018-03-12,,BTS Episode,BTS Episode,,https://www.youtube.com/watch?v=Ip7eVuFxiEE,https://img.youtube.com/vi/Ip7eVuFxiEE/hqdefault.jpg,J-Hope,,797,,active,3821906,410665
episode-138,[EPISODE] j-hope 1st mixtape MV Shooting #1,2018-03-10,2018-03-10,,BTS Episode,BTS Episode,,https://www.youtube.com/watch?v=-viInMgMD3o,https://img.youtube.com/vi/-viInMgMD3o/hqdefault.jpg,J-Hope,,516,,active,2999292,425297
episode-139,[EPISODE] BTS (방탄소년단) @ 2017 SBS 가요대전,2018-01-28,2018-01-28,,BTS Episode,BTS Episode,,https://www.youtube.com/watch?v=R-ceLUo4fgs,https://img.youtube.com/vi/R-ceLUo4fgs/hqdefault.jpg,RM|Jin|Suga|J-Hope|Jimin|V|Jungkook,,1057,,active,2734616,262506
episode-140,[EPISODE] BTS (방탄소년단) @ 2017 MMA,2018-01-05,2018-01-05,,BTS Episode,BTS Episode,,https://www.youtube.com/watch?v=SjFQifUtOIA,https://img.youtube.com/vi/SjFQifUtOIA/hqdefault.jpg,RM|Jin|Suga|J-Hope|Jimin|V|Jungkook,,1331,,active,2776564,260385
episode-141,[EPISODE] BTS (방탄소년단) @ AMAs 2017,2017-12-17,2017-12-17,,BTS Episode,BTS Episode,,https://www.youtube.com/watch?v=OMjMmULhl_M,https://img.youtube.com/vi/OMjMmULhl_M/hqdefault.jpg,RM|Jin|Suga|J-Hope|Jimin|V|Jungkook,,1574,,active,7644989,520755
episode-142,[EPISODE] BTS (방탄소년단) 'MIC Drop' MV Shooting,2017-11-29,2017-11-29,,BTS Episode,BTS Episode,,https://www.youtube.com/watch?v=c5_LROaHGtw,https://img.youtube.com/vi/c5_LROaHGtw/hqdefault.jpg,RM|Jin|Suga|J-Hope|Jimin|V|Jungkook,,357,,active,10848663,845977
episode-143,[EPISODE] BTS (방탄소년단) LOVE YOURSELF 承 'Her' Jacket shooting sketch,2017-10-04,2017-10-04,,BTS Episode,BTS Episode,,https://www.youtube.com/watch?v=RX5oEl2vpek,https://img.youtube.com/vi/RX5oEl2vpek/hqdefault.jpg,RM|Jin|Suga|J-Hope|Jimin|V|Jungkook,,256,,active,3126760,339972
episode-144,[EPISODE] BTS (방탄소년단) 'DNA' MV Shooting,2017-10-04,2017-10-04,,BTS Episode,BTS Episode,,https://www.youtube.com/watch?v=rgRDwhO983s,https://img.youtube.com/vi/rgRDwhO983s/hqdefault.jpg,RM|Jin|Suga|J-Hope|Jimin|V|Jungkook,,229,,active,15238371,927790
episode-145,[EPISODE] BTS (방탄소년단) @ Billboard Music Awards 2017,2017-05-30,2017-05-30,,BTS Episode,BTS Episode,,https://www.youtube.com/watch?v=KAMMRWfrsT8,https://img.youtube.com/vi/KAMMRWfrsT8/hqdefault.jpg,RM|Jin|Suga|J-Hope|Jimin|V|Jungkook,,1258,,active,11616011,527372
episode-146,[EPISODE] BTS (방탄소년단) This is 한성 of '화랑 (Hwa Rang)' (a.k.a. BTS V ^ㅁ^),2017-03-25,2017-03-25,,BTS Episode,BTS Episode,,https://www.youtube.com/watch?v=s3GNHzN6YGY,https://img.youtube.com/vi/s3GNHzN6YGY/hqdefault.jpg,V,,779,,active,10901347,965711
episode-147,[EPISODE] BTS (방탄소년단) 'Not Today' MV Shooting,2017-03-10,2017-03-10,,BTS Episode,BTS Episode,,https://www.youtube.com/watch?v=UZMjLkUJOOU,https://img.youtube.com/vi/UZMjLkUJOOU/hqdefault.jpg,RM|Jin|Suga|J-Hope|Jimin|V|Jungkook,,426,,active,5779323,431768
episode-148,[EPISODE] BTS (방탄소년단) 'YOU NEVER WALK ALONE' Jacket shooting sketch,2017-02-15,2017-02-15,,BTS Episode,BTS Episode,,https://www.youtube.com/watch?v=46qWWmnK4F0,https://img.youtube.com/vi/46qWWmnK4F0/hqdefault.jpg,RM|Jin|Suga|J-Hope|Jimin|V|Jungkook,,260,,active,1188182,122548
episode-149,[EPISODE] BTS (방탄소년단) '봄날' MV Shooting Sketch,2017-02-14,2017-02-14,,BTS Episode,BTS Episode,,https://www.youtube.com/watch?v=hQRSI9DTWio,https://img.youtube.com/vi/hQRSI9DTWio/hqdefault.jpg,RM|Jin|Suga|J-Hope|Jimin|V|Jungkook,,211,,active,3768435,315091
episode-150,[EPISODE] BTS (방탄소년단) 'WINGS' Jacket Shooting Sketch,2016-12-14,2016-12-14,,BTS Episode,BTS Episode,,https://www.youtube.com/watch?v=H9LejhGTIYM,https://img.youtube.com/vi/H9LejhGTIYM/hqdefault.jpg,RM|Jin|Suga|J-Hope|Jimin|V|Jungkook,,353,,active,1879054,180827
episode-151,[EPISODE] BTS (방탄소년단) @ 2016 MMA,2016-11-22,2016-11-22,,BTS Episode,BTS Episode,,https://www.youtube.com/watch?v=90bCJQdy2G4,https://img.youtube.com/vi/90bCJQdy2G4/hqdefault.jpg,RM|Jin|Suga|J-Hope|Jimin|V|Jungkook,,739,,active,2107123,159547
episode-152,[EPISODE] BTS (방탄소년단) '피 땀 눈물' MV Shooting Sketch,2016-10-24,2016-10-24,,BTS Episode,BTS Episode,,https://www.youtube.com/watch?v=Q2T83o5kNVU,https://img.youtube.com/vi/Q2T83o5kNVU/hqdefault.jpg,RM|Jin|Suga|J-Hope|Jimin|V|Jungkook,,268,,active,4008601,313221
episode-153,[EPISODE] BTS (방탄소년단) 'Blood Sweat & Tears' Win,2016-10-21,2016-10-21,,BTS Episode,BTS Episode,,https://www.youtube.com/watch?v=dWbpJwnB2VY,https://img.youtube.com/vi/dWbpJwnB2VY/hqdefault.jpg,RM|Jin|Suga|J-Hope|Jimin|V|Jungkook,,585,,active,1663959,135650
episode-154,[EPISODE] BTS (방탄소년단) 'Save Me' MV Shooting,2016-09-16,2016-09-16,,BTS Episode,BTS Episode,,https://www.youtube.com/watch?v=y_mEk99kDjI,https://img.youtube.com/vi/y_mEk99kDjI/hqdefault.jpg,RM|Jin|Suga|J-Hope|Jimin|V|Jungkook,,377,,active,10224688,572310
episode-155,[EPISODE] BTS (방탄소년단) FESTA 2016 - Real Family photo Shooting,2016-06-10,2016-06-10,,BTS Episode,BTS Episode,,https://www.youtube.com/watch?v=DAHAUiTjo9A,https://img.youtube.com/vi/DAHAUiTjo9A/hqdefault.jpg,RM|Jin|Suga|J-Hope|Jimin|V|Jungkook,,299,,active,1789398,163927
episode-156,[EPISODE] BTS (방탄소년단) 'EPILOGUE : Young Forever' MV Shooting,2016-06-06,2016-06-06,,BTS Episode,BTS Episode,,https://www.youtube.com/watch?v=ageimXiZcbs,https://img.youtube.com/vi/ageimXiZcbs/hqdefault.jpg,RM|Jin|Suga|J-Hope|Jimin|V|Jungkook,,246,,active,1605604,138133
episode-157,[EPISODE] BTS (방탄소년단) 'Fire' 1st win @ 160512 M countdown,2016-05-12,2016-05-12,,BTS Episode,BTS Episode,,https://www.youtube.com/watch?v=IZ9ZafuBd-I,https://img.youtube.com/vi/IZ9ZafuBd-I/hqdefault.jpg,RM|Jin|Suga|J-Hope|Jimin|V|Jungkook,,616,,active,1671694,131820
episode-158,[EPISODE] BTS (방탄소년단) '불타오르네 (FIRE)' MV Shooting,2016-05-03,2016-05-03,,BTS Episode,BTS Episode,,https://www.youtube.com/watch?v=DZalBQgECn4,https://img.youtube.com/vi/DZalBQgECn4/hqdefault.jpg,RM|Jin|Suga|J-Hope|Jimin|V|Jungkook,,232,,active,10677964,555337
episode-159,[EPISODE] BTS (방탄소년단)  '화양연화 Young Forever' Jacket Photo Shooting,2016-05-03,2016-05-03,,BTS Episode,BTS Episode,,https://www.youtube.com/watch?v=zrMEKtVQTOk,https://img.youtube.com/vi/zrMEKtVQTOk/hqdefault.jpg,RM|Jin|Suga|J-Hope|Jimin|V|Jungkook,,337,,active,2140752,233436
episode-160,[EPISODE] BTS (방탄소년단) #BTS1000days with A.R.M.Y,2016-03-07,2016-03-07,,BTS Episode,BTS Episode,,https://www.youtube.com/watch?v=Edtvgd3UwsQ,https://img.youtube.com/vi/Edtvgd3UwsQ/hqdefault.jpg,RM|Jin|Suga|J-Hope|Jimin|V|Jungkook,,643,,active,1414864,210326
episode-161,[EPISODE] BTS (방탄소년단) 'PUMA' Advertising photo shooting behind,2016-01-30,2016-01-30,,BTS Episode,BTS Episode,,https://www.youtube.com/watch?v=ynYiHtE9_Vs,https://img.youtube.com/vi/ynYiHtE9_Vs/hqdefault.jpg,RM|Jin|Suga|J-Hope|Jimin|V|Jungkook,,423,,active,1988412,187125
episode-162,[EPISODE] 방탄소년단 'RUN' MV shooting,2016-01-05,2016-01-05,,BTS Episode,BTS Episode,,https://www.youtube.com/watch?v=ADGpnu_uJqs,https://img.youtube.com/vi/ADGpnu_uJqs/hqdefault.jpg,RM|Jin|Suga|J-Hope|Jimin|V|Jungkook,,257,,active,5725793,379930
episode-163,[EPISODE] BTS (방탄소년단) '화양연화pt.2' jacket shooting,2016-01-05,2016-01-05,,BTS Episode,BTS Episode,,https://www.youtube.com/watch?v=QjzBTkbxg5c,https://img.youtube.com/vi/QjzBTkbxg5c/hqdefault.jpg,RM|Jin|Suga|J-Hope|Jimin|V|Jungkook,,254,,active,1970412,193257
episode-164,[BTS NAVER STAR CAST] Halloween party with BTS,2015-11-05,2015-11-05,,BTS Episode,BTS Episode,,https://www.youtube.com/watch?v=RkRiVwR2uBQ,https://img.youtube.com/vi/RkRiVwR2uBQ/hqdefault.jpg,RM|Jin|Suga|J-Hope|Jimin|V|Jungkook,,510,,active,1927192,110706
episode-165,[EPISODE] 'Fantastic 4' with A.R.M.Y,2015-09-25,2015-09-25,,BTS Episode,BTS Episode,,https://www.youtube.com/watch?v=Wn6uLPd-QHM,https://img.youtube.com/vi/Wn6uLPd-QHM/hqdefault.jpg,RM|Jin|Suga|J-Hope|Jimin|V|Jungkook,,217,,active,976906,119248
episode-166,[EPISODE] 방탄소년단(BTS) '쩔어' Concept photo & MV shooting,2015-07-02,2015-07-02,,BTS Episode,BTS Episode,,https://www.youtube.com/watch?v=xO2KP7aGRrw,https://img.youtube.com/vi/xO2KP7aGRrw/hqdefault.jpg,RM|Jin|Suga|J-Hope|Jimin|V|Jungkook,,301,,active,11550272,508451
episode-167,[EPISODE] 방탄소년단 'I NEED U' MV shooting,2015-05-02,2015-05-02,,BTS Episode,BTS Episode,,https://www.youtube.com/watch?v=I_QObBbAYNQ,https://img.youtube.com/vi/I_QObBbAYNQ/hqdefault.jpg,RM|Jin|Suga|J-Hope|Jimin|V|Jungkook,,253,,active,7478056,386487
episode-168,[EPISODE] BTS (방탄소년단) '화양연화pt.1' jacket shooting,2015-05-02,2015-05-02,,BTS Episode,BTS Episode,,https://www.youtube.com/watch?v=2bUjRMt9HUY,https://img.youtube.com/vi/2bUjRMt9HUY/hqdefault.jpg,RM|Jin|Suga|J-Hope|Jimin|V|Jungkook,,228,,active,2436542,237450
episode-169,[BTS in NAVER STAR CAST] Rap Monster with Warren G (3/3),2015-04-04,2015-04-04,,BTS Episode,BTS Episode,,https://www.youtube.com/watch?v=1YDq17erYeA,https://img.youtube.com/vi/1YDq17erYeA/hqdefault.jpg,RM,,363,,active,155603,13496
episode-170,[BTS in NAVER STAR CAST] Rap Monster with Warren G (2/3),2015-04-04,2015-04-04,,BTS Episode,BTS Episode,,https://www.youtube.com/watch?v=O3YvFibdGSw,https://img.youtube.com/vi/O3YvFibdGSw/hqdefault.jpg,RM,,367,,active,189069,13583
episode-171,[BTS in NAVER STAR CAST] Rap Monster with Warren G (1/3),2015-04-04,2015-04-04,,BTS Episode,BTS Episode,,https://www.youtube.com/watch?v=7gpXfRwe8wQ,https://img.youtube.com/vi/7gpXfRwe8wQ/hqdefault.jpg,RM,,364,,active,244165,17221
episode-172,[EPISODE] Rap Monster 'Do You' MV shooting (BTS members supported RM),2015-04-04,2015-04-04,,BTS Episode,BTS Episode,,https://www.youtube.com/watch?v=Zm4-KJYjb20,https://img.youtube.com/vi/Zm4-KJYjb20/hqdefault.jpg,RM,,184,,active,1198198,110419
episode-173,[EPISODE] BTS SUGA B-day Present for Fans,2015-03-19,2015-03-19,,BTS Episode,BTS Episode,,https://www.youtube.com/watch?v=inOmCiTAppE,https://img.youtube.com/vi/inOmCiTAppE/hqdefault.jpg,Suga,,744,,active,953001,61245
episode-174,[EPISODE] 'War of Hormone' MV & Photo shooting,2014-10-22,2014-10-22,,BTS Episode,BTS Episode,,https://www.youtube.com/watch?v=N5OulgZOJ-4,https://img.youtube.com/vi/N5OulgZOJ-4/hqdefault.jpg,RM|Jin|Suga|J-Hope|Jimin|V|Jungkook,,242,,active,5233458,349692
episode-175,[EPISODE] BTS' Summer out of the country in 2014,2014-08-26,2014-08-26,,BTS Episode,BTS Episode,,https://www.youtube.com/watch?v=mw62nvKQwUE,https://img.youtube.com/vi/mw62nvKQwUE/hqdefault.jpg,RM|Jin|Suga|J-Hope|Jimin|V|Jungkook,,225,,active,7234249,466007
episode-176,[EPISODE] 방탄소년단 'Danger' MV Shooting,2014-08-22,2014-08-22,,BTS Episode,BTS Episode,,https://www.youtube.com/watch?v=PGhwAJQFjJk,https://img.youtube.com/vi/PGhwAJQFjJk/hqdefault.jpg,RM|Jin|Suga|J-Hope|Jimin|V|Jungkook,,242,,active,3324693,214740
episode-177,[EPISODE] 방탄소년단 'DARK&WILD' Jacket photo shooting,2014-08-20,2014-08-20,,BTS Episode,BTS Episode,,https://www.youtube.com/watch?v=Y9gL3-D9hqA,https://img.youtube.com/vi/Y9gL3-D9hqA/hqdefault.jpg,RM|Jin|Suga|J-Hope|Jimin|V|Jungkook,,133,,active,478314,34956
episode-178,[EPISODE] 1st BTS Birthday Party (Jin chef of BTS),2014-06-24,2014-06-24,,BTS Episode,BTS Episode,,https://www.youtube.com/watch?v=RhJqNFQCU_Q,https://img.youtube.com/vi/RhJqNFQCU_Q/hqdefault.jpg,Jin,,680,,active,16299004,817537
episode-179,[EPISODE] BTS (방탄소년단) 1st anniversary - so 4 more,2014-06-13,2014-06-13,,BTS Episode,BTS Episode,,https://www.youtube.com/watch?v=LchUwgPashw,https://img.youtube.com/vi/LchUwgPashw/hqdefault.jpg,RM|Jin|Suga|J-Hope|Jimin|V|Jungkook,,356,,active,2584267,256820
episode-180,[EPISODE] '하루만(Just one day)' MV shooting Sketch,2014-04-08,2014-04-08,,BTS Episode,BTS Episode,,https://www.youtube.com/watch?v=aO9-0FqR2yo,https://img.youtube.com/vi/aO9-0FqR2yo/hqdefault.jpg,RM|Jin|Suga|J-Hope|Jimin|V|Jungkook,,263,,active,4165624,300204
episode-181,[EPISODE] SUGA Birthday support event,2014-03-14,2014-03-14,,BTS Episode,BTS Episode,,https://www.youtube.com/watch?v=I92iGWGvaaI,https://img.youtube.com/vi/I92iGWGvaaI/hqdefault.jpg,Suga,,575,,active,620583,46955
episode-182,[EPISODE] Jung Kook went to High school with BTS!,2014-03-05,2014-03-05,,BTS Episode,BTS Episode,,https://www.youtube.com/watch?v=PCjiBaIc1wU,https://img.youtube.com/vi/PCjiBaIc1wU/hqdefault.jpg,Jungkook,,178,,active,14495942,907394
episode-183,[EPISODE] 140218 It's a j-hope-ful day!,2014-02-21,2014-02-21,,BTS Episode,BTS Episode,,https://www.youtube.com/watch?v=gmHSkE8FwP0,https://img.youtube.com/vi/gmHSkE8FwP0/hqdefault.jpg,J-Hope,,525,,active,4339523,342752
episode-184,[EPISODE] 'Skool Luv Affair' Jacket Photo shooting Sketch,2014-02-15,2014-02-15,,BTS Episode,BTS Episode,,https://www.youtube.com/watch?v=5VgUSjMEcTM,https://img.youtube.com/vi/5VgUSjMEcTM/hqdefault.jpg,RM|Jin|Suga|J-Hope|Jimin|V|Jungkook,,506,,active,1569212,156714
episode-185,[EPISODE] '상남자(Boy In Luv)' MV shooting Sketch,2014-02-15,2014-02-15,,BTS Episode,BTS Episode,,https://www.youtube.com/watch?v=GQEunnh8MKE,https://img.youtube.com/vi/GQEunnh8MKE/hqdefault.jpg,RM|Jin|Suga|J-Hope|Jimin|V|Jungkook,,267,,active,10692633,474451
episode-186,[EPISODE] Be the BEST NEW ARTIST 2013 in Melon Music Awards,2013-11-19,2013-11-19,,BTS Episode,BTS Episode,,https://www.youtube.com/watch?v=LRrMieKVLYA,https://img.youtube.com/vi/LRrMieKVLYA/hqdefault.jpg,RM|Jin|Suga|J-Hope|Jimin|V|Jungkook,,335,,active,1131000,119898
episode-187,[EPISODE] BTS Letter to ARMY in Birthday party,2013-10-19,2013-10-19,,BTS Episode,BTS Episode,,https://www.youtube.com/watch?v=dsc4AJKZn7E,https://img.youtube.com/vi/dsc4AJKZn7E/hqdefault.jpg,RM|Jin|Suga|J-Hope|Jimin|V|Jungkook,,662,,active,479227,43354
episode-188,[EPISODE] BTS Surprise Birthday Party for Jung Kook!,2013-09-17,2013-09-17,,BTS Episode,BTS Episode,,https://www.youtube.com/watch?v=uav5suskIZM,https://img.youtube.com/vi/uav5suskIZM/hqdefault.jpg,Jungkook,,343,,active,7139696,480516
episode-189,"[EPISODE] BTS O! RUL8,2? Jacket shooting",2013-09-11,2013-09-11,,BTS Episode,BTS Episode,,https://www.youtube.com/watch?v=5HwJPHACpbk,https://img.youtube.com/vi/5HwJPHACpbk/hqdefault.jpg,RM|Jin|Suga|J-Hope|Jimin|V|Jungkook,,268,,active,607110,66629
episode-190,[EPISODE] BTS (방탄소년단) 'N.O' MV shooting,2013-09-11,2013-09-11,,BTS Episode,BTS Episode,,https://www.youtube.com/watch?v=Ku6VsSAMxuU,https://img.youtube.com/vi/Ku6VsSAMxuU/hqdefault.jpg,RM|Jin|Suga|J-Hope|Jimin|V|Jungkook,,227,,active,1502016,115943
episode-191,[EPISODE] BTS (방탄소년단) Like (Showcase sketch),2013-07-03,2013-07-03,,BTS Episode,BTS Episode,,https://www.youtube.com/watch?v=-wLNpg5IX_g,https://img.youtube.com/vi/-wLNpg5IX_g/hqdefault.jpg,RM|Jin|Suga|J-Hope|Jimin|V|Jungkook,,234,,active,10853983,496983
episode-192,[EPISODE] BTS (방탄소년단) Debut day 130613,2013-06-25,2013-06-25,,BTS Episode,BTS Episode,,https://www.youtube.com/watch?v=UPJX6QK6etg,https://img.youtube.com/vi/UPJX6QK6etg/hqdefault.jpg,RM|Jin|Suga|J-Hope|Jimin|V|Jungkook,,491,,active,13386679,1188728
episode-193,[EPISODE] 2 COOL 4 SKOOL debut single jacket photo shooting,2013-06-13,2013-06-13,,BTS Episode,BTS Episode,,https://www.youtube.com/watch?v=2GU3OIwwuwA,https://img.youtube.com/vi/2GU3OIwwuwA/hqdefault.jpg,RM|Jin|Suga|J-Hope|Jimin|V|Jungkook,,279,,active,1529662,189762
episode-194,[EPISODE] BTS (방탄소년단) 2 COOL 4 SKOOL debut single MV shooting,2013-06-13,2013-06-13,,BTS Episode,BTS Episode,,https://www.youtube.com/watch?v=gggl_gMp6H0,https://img.youtube.com/vi/gggl_gMp6H0/hqdefault.jpg,RM|Jin|Suga|J-Hope|Jimin|V|Jungkook,,238,,active,6724797,437328
